id	filename	md5	size	state
0151005b-bc17-4d0a-b63d-7a6d9ede5a21	lbl.gov_GBM.HuEx-1_0-st-v2.1.gene.txt	f7703db5bffc13592201ab41ace172df	9231324	live
01e5f9b8-9d52-4d9c-9247-8cdd71d64a10	lbl.gov_OV.HuEx-1_0-st-v2.21.gene.txt	7cf58093916140589a78bc317bd794da	15199934	live
09ac3a0c-a4df-4754-90ec-dbab1a4a59c1	lbl.gov_GBM.HuEx-1_0-st-v2.10.FIRMA.txt	aa3524ff1c3e9541f76d6c2bce47b5bb	123636334	live
09df9710-7412-49d5-9d50-27e23c28997f	lbl.gov_GBM.HuEx-1_0-st-v2.2.FIRMA.txt	f04cb3c61788415a8d8f9938254b4ced	78122952	live
1079302a-e653-4452-aacb-ded446cb5e13	lbl.gov_OV.HuEx-1_0-st-v2.15.gene.txt	f1e15672542c35fc0911d73db3a5f08b	7661838	live
11922ea0-296e-4c3f-ac5c-a81e3bcc036b	lbl.gov_OV.HuEx-1_0-st-v2.18.FIRMA.txt	2e39137d0b5cea8c68758caf4ab548c1	197648143	live
13096f5e-3015-4fe8-8036-938c63e4dcb6	lbl.gov_OV.HuEx-1_0-st-v2.15.FIRMA.txt	882522afa53f0910911bdbd8a148b2ae	95996022	live
16ab9e45-5175-4c1e-8740-6175fc8b36ec	lbl.gov_GBM.HuEx-1_0-st-v2.8.FIRMA.txt	3e6b87cb64a13bdd73988329c34aa486	162176320	live
1bf5830d-80b6-4e49-89a8-1181648d09ff	lbl.gov_GBM.HuEx-1_0-st-v2.26.gene.txt	005a5bc7ab082c18e81e7e109d2ca3a2	14568599	live
218a1875-74e7-4740-b927-19fd0e23786a	lbl.gov_OV.HuEx-1_0-st-v2.11.FIRMA.txt	a692017a9f50bc07dc6d15a2eb29d3b9	157670635	live
26cf8e7b-b61d-456e-8904-40fbb3830dba	lbl.gov_OV.HuEx-1_0-st-v2.22.gene.txt	53f85baa8ea03a4feb9705a983765512	15200402	live
2a5c956b-4594-49b8-975d-ddac4c7d4e3d	lbl.gov_OV.HuEx-1_0-st-v2.17.FIRMA.txt	8e5bd5d9977c643a919678518adcfb96	205738194	live
4360c1fd-c346-498c-bdbf-c4044d697590	lbl.gov_LUSC.HuEx-1_0-st-v2.31.gene.txt	a2e94b36bc0917d05cba0f03b126cdb2	14259526	live
4660a823-7fac-46ec-a9ab-12a93f59bb08	lbl.gov_OV.HuEx-1_0-st-v2.9.FIRMA.txt	c62ba1eb8c39f6d80a6a3f3fbdd9cf36	208355342	live
468eac41-bb04-4359-9af8-d00a66625097	lbl.gov_GBM.HuEx-1_0-st-v2.5.FIRMA.txt	8e94570ca4308658b39bc251a1113dc0	250105217	live
4ea71deb-cd66-48e6-9ac4-3abda349e0e8	lbl.gov_GBM.HuEx-1_0-st-v2.8.gene.txt	54f91221656d7bc033ce090d6939d9f3	13311530	live
52e81cc3-7b66-4ad6-bf5f-a7d5ba78c00c	lbl.gov_OV.HuEx-1_0-st-v2.24.gene.txt	ec707650c63f4092c7c261fcfaedfe9c	14886794	live
5609ed6f-79bb-45ab-a42a-9e93daba5038	lbl.gov_OV.HuEx-1_0-st-v2.22.FIRMA.txt	3cbfde74e8fcda36588f2a69608e61c0	190315762	live
5796976d-d98a-4b24-b9cb-4e0c6f9c4b71	lbl.gov_LUSC.HuEx-1_0-st-v2.23.FIRMA.txt	a0a467b47a019fb9ce01a2919407fd35	92883986	live
5fe13fe3-86dd-4240-a7fb-bfea3f936d11	lbl.gov_OV.HuEx-1_0-st-v2.14.FIRMA.txt	58b38a965f7a517340e41911277b7ab0	190386868	live
60308256-49f0-438e-84dc-0194abf35407	lbl.gov_GBM.HuEx-1_0-st-v2.1.FIRMA.txt	d9d9f26e908b4997c9123dad4f0af63a	112575112	live
6089bafe-ab11-4a4f-976a-88c892fc9936	lbl.gov_GBM.HuEx-1_0-st-v2.6.FIRMA.txt	14f966ce3a6b86e7c89c5fb9f7dd6905	150911255	live
619a215e-a11b-4398-8203-fdb0d0299f31	lbl.gov_GBM.HuEx-1_0-st-v2.10.gene.txt	a201c01785ab6711d616fa8ec1ee218e	10172090	live
6602f1bf-f596-413c-8a0e-2b2012965d64	lbl.gov_GBM.HuEx-1_0-st-v2.6.gene.txt	74dfd0b0a1ac6b1eb51d7f286d3d8246	12369747	live
69960d25-5618-4e22-a559-adf506731e0f	lbl.gov_LUSC.HuEx-1_0-st-v2.53.FIRMA.txt	61a1af3f37331fc1dbd6de70f10b5cae	48973360	live
69cd44d5-3a6c-4cdb-8637-835d0da1bd76	lbl.gov_OV.HuEx-1_0-st-v2.12.gene.txt	c1e92c6f5363a65c60644f3d2415d7d5	15201236	live
6c3ad2a6-88cb-4f6a-80aa-7c966554834d	lbl.gov_GBM.HuEx-1_0-st-v2.16.gene.txt	fa7ddc0ed6be448f178554a7cc6a48d4	15824420	live
6e165f13-6f0e-4ac1-aec0-3a282cfb989a	lbl.gov_GBM.HuEx-1_0-st-v2.5.gene.txt	037712f58ecb217fa9b4c90e48919d09	20534369	live
78b4adcc-b4f5-4144-a4f8-4cf65e803808	lbl.gov_GBM.HuEx-1_0-st-v2.38.FIRMA.txt	e896b3837e2bbe2b2fce1f60882d84aa	116145776	live
7ae17ecb-b27b-4fb9-a893-e29c7c268b97	lbl.gov_LUSC.HuEx-1_0-st-v2.53.gene.txt	18a4838d77d6f13ed98d91995a006981	3893613	live
7b62e81c-dff3-40a4-b858-4c16c82ef6f1	lbl.gov_OV.HuEx-1_0-st-v2.11.gene.txt	43e1868279142b289032163d4b25a874	12686550	live
7cc9ec47-5488-44db-a159-edd47f698c70	lbl.gov_GBM.HuEx-1_0-st-v2.26.FIRMA.txt	05cb0d61c7e296eb75c33ac051b993af	177711657	live
81daf361-81a5-4884-8552-8e57edcd214e	lbl.gov_OV.HuEx-1_0-st-v2.14.gene.txt	61be80dd38d1e51e4fbc50e2d6e4dea1	15200401	live
83997daf-d786-4543-88e0-b05977a77058	lbl.gov_GBM.HuEx-1_0-st-v2.16.FIRMA.txt	271c17eaad69f79b65adc594d23af239	192028623	live
8901b771-529f-49e6-bdb7-ba969d7e2367	lbl.gov_GBM.HuEx-1_0-st-v2.20.FIRMA.txt	966f6152329b76135c8d48f7ab3473cb	185031615	live
90641dca-4a86-4649-bbd2-ee90f15ee416	lbl.gov_OV.HuEx-1_0-st-v2.27.gene.txt	041336817436c0d957e00be46eeb9596	7348011	live
91a468f1-1318-4a77-9290-abf933f4889e	lbl.gov_LUSC.HuEx-1_0-st-v2.31.FIRMA.txt	689b4ce68e3eb032ea0cfe0a565a18e5	179940629	live
9356a3e7-b135-4dd4-8f3b-02edd4d3aed0	lbl.gov_OV.HuEx-1_0-st-v2.9.gene.txt	370c58febfcb1984cf3ce0850cab849b	16769835	live
a3f5f3b3-7061-4cae-b768-659e912eaf29	lbl.gov_OV.HuEx-1_0-st-v2.13.FIRMA.txt	47aef1b8f9c5c0237f8d3fbbccbc426a	198333814	live
ac33a783-8ac4-49b6-9c14-133d80923cd9	lbl.gov_OV.HuEx-1_0-st-v2.19.gene.txt	2c81150c68a83b3e6853d46588eeb9f9	15827336	live
acc3d0f7-e178-4a9e-8572-23de8e6724a5	lbl.gov_OV.HuEx-1_0-st-v2.18.gene.txt	fdc029c785f721f17b12cf36d3c819d9	15827339	live
b0e439a6-c78c-4aaf-a788-03f0461b5528	lbl.gov_GBM.HuEx-1_0-st-v2.3.FIRMA.txt	5155dccd0a5c1a0750263fc18d532d05	108587657	live
b508aa3c-4ce5-49cb-9152-fce8fd01379b	lbl.gov_OV.HuEx-1_0-st-v2.40.FIRMA.txt	a9bd29ee2109726da8cbb5f6c876bb22	197104705	live
b99adc52-04b8-48cf-a22a-b8c09de46fd5	lbl.gov_OV.HuEx-1_0-st-v2.17.gene.txt	92cae9a14fddfee20600f6006650a661	16456643	live
c9a1679c-ede4-4d48-99b8-ca9c83bd25ec	lbl.gov_GBM.HuEx-1_0-st-v2.2.gene.txt	5c34e77e2d8de7145d512c373a68589a	6403980	live
cbe3d25b-80a2-41b1-be00-232ef7ee1150	lbl.gov_GBM.HuEx-1_0-st-v2.7.gene.txt	200df659560c4326edf56601e1155ae2	7345420	live
cf585359-3a8e-4c26-bb8a-7c9ba1a4e3a1	lbl.gov_OV.HuEx-1_0-st-v2.40.gene.txt	7a5ce22a465b6978cf993671261a05e7	15827387	live
d00c16e3-6c6c-4a3d-acdf-b06d75744a89	lbl.gov_LUSC.HuEx-1_0-st-v2.23.gene.txt	554a05a0d1aeca3752485e28d9b30342	7349657	live
d0e2bb08-50c2-43aa-b4cb-e81673c98215	lbl.gov_GBM.HuEx-1_0-st-v2.3.gene.txt	08aca1b17d4c42f04713344740835152	8916417	live
d11a0e1e-dd44-4a7b-ac67-b09e21c7b221	lbl.gov_GBM.HuEx-1_0-st-v2.7.FIRMA.txt	f785689642a16aad9649b4fe56425e74	89423172	live
d1d150c2-6c0e-478f-ae45-8e71183bffc1	lbl.gov_OV.HuEx-1_0-st-v2.13.gene.txt	35bc2baca68025881682ad51df2c984a	15828548	live
d24ceda1-c9b0-4f5d-ae94-d91e8839adf5	lbl.gov_GBM.HuEx-1_0-st-v2.20.gene.txt	6e3218f1410df3de600a47ebbb443409	15197164	live
d6552d95-f7cc-43ef-a587-621b737bf7d7	lbl.gov_GBM.HuEx-1_0-st-v2.4.FIRMA.txt	c3c067876e424d4c2fb17703f50e26d3	185191931	live
e145740b-597c-4c33-9f2a-3cc500c44dfb	lbl.gov_OV.HuEx-1_0-st-v2.19.FIRMA.txt	325e1674499cced501f6687512333f3d	197860008	live
e2ea25d5-34bc-49a6-a3c7-12bde3c1d40d	lbl.gov_OV.HuEx-1_0-st-v2.27.FIRMA.txt	5c07c185f957edcb1d991fa5166ea71e	91851876	live
e6082a71-b699-4a77-8f79-669b37693e1d	lbl.gov_GBM.HuEx-1_0-st-v2.4.gene.txt	628bc6fa781ae4643a9f91208e9a7139	15195503	live
ecab7035-f779-4e16-ba37-4b3b671039ac	lbl.gov_OV.HuEx-1_0-st-v2.24.FIRMA.txt	b92b18745b56c607944c2c0a0af4cfa5	186608810	live
effc212e-1760-40c0-9ce4-8ff32d1b01fa	lbl.gov_OV.HuEx-1_0-st-v2.21.FIRMA.txt	ac69db84bba5a0811d1c98d63e8f2e84	190255455	live
f6563311-09a6-4179-93f6-a83dbda22024	lbl.gov_OV.HuEx-1_0-st-v2.12.FIRMA.txt	6b33c4b52d4b9d734bbf9e04a104869a	190269442	live
fde6eac7-4ca0-40f3-9c8c-fd8f396cf85d	lbl.gov_GBM.HuEx-1_0-st-v2.38.gene.txt	eb13b946c4d417d86687f82d4e5010f6	9544691	live
